{"cameraMode":{"drawMode":0,"name":"Shaded","section":"Shading Mode"},"sceneLighting":true,"audioPlay":false,"sceneViewState":{"m_AlwaysRefresh":true,"showFog":true,"showSkybox":true,"showFlares":true,"showImageEffects":true,"showParticleSystems":true,"showVisualEffectGraphs":true,"m_FxEnabled":true},"in2DMode":false,"pivot":{"x":2.9554009437561037,"y":1.6462159156799317,"z":0.9096646308898926},"rotation":{"x":0.40718498826026919,"y":-0.009592108428478241,"z":0.004268754739314318,"w":0.9132760763168335},"size":4.028083324432373,"orthographic":true}