{"cameraMode":{"drawMode":0,"name":"Shaded","section":"Shading Mode"},"sceneLighting":false,"audioPlay":false,"sceneViewState":{"m_AlwaysRefresh":true,"showFog":true,"showSkybox":false,"showFlares":true,"showImageEffects":true,"showParticleSystems":true,"showVisualEffectGraphs":true,"m_FxEnabled":true},"in2DMode":false,"pivot":{"x":1.9841432571411133,"y":2.149772882461548,"z":2.4227306842803957},"rotation":{"x":0.40718498826026919,"y":-0.009592108428478241,"z":0.004268754739314318,"w":0.9132760763168335},"size":1.0368366241455079,"orthographic":true}